Year,Afghanistan,Albania,Algeria,Andorra,Angola,Antigua and Barbuda,Argentina,Armenia,Australia,Australia and New Zealand,Austria,Azerbaijan,Bahamas,Bahrain,Bangladesh,Barbados,Belarus,Belgium,Belize,Benin,Bhutan,Bolivia (Plurinational State of),Bosnia and Herzegovina,Botswana,Brazil,Brunei Darussalam,Bulgaria,Burkina Faso,Burundi,Cabo Verde,Cambodia,Cameroon,Canada,Central African Republic,Central and Southern Asia,Central Asia,Chad,Chile,China,Colombia,Comoros,Congo,Cook Islands,Costa Rica,Croatia,Cuba,Cyprus,Czechia,C��te d'Ivoire,Democratic People's Republic of Korea,Democratic Republic of the Congo,Denmark,Djibouti,Dominica,Dominican Republic,East Asia and Pacific,Eastern and South-Eastern Asia,Eastern and Southern Africa,Eastern Asia,Eastern Europe and Central Asia,Ecuador,Egypt,El Salvador,Equatorial Guinea,Eritrea,Estonia,Eswatini,Ethiopia,Europe,Europe and Central Asia,Europe and Northern America,Fiji,Finland,France,Gabon,Gambia,Georgia,Germany,Ghana,Greece,Grenada,Guatemala,Guinea,Guinea-Bissau,Guyana,Haiti,Honduras,Hungary,Iceland,India,Indonesia,Iran (Islamic Republic of),Iraq,Ireland,Israel,Italy,Jamaica,Japan,Jordan,Kazakhstan,Kenya,Kiribati,Kuwait,Kyrgyzstan,Landlocked developing countries (LLDCs),Lao People's Democratic Republic,Latin America & the Caribbean,Latin America and Caribbean,Latvia,Least developed countries,Lebanon,Lesotho,Liberia,Libya,Lithuania,Luxembourg,Madagascar,Malawi,Malaysia,Maldives,Mali,Malta,Marshall Islands,Mauritania,Mauritius,Mexico,Micronesia (Federated States of),Middle East and North Africa,Monaco,Mongolia,Montenegro,Morocco,Mozambique,Myanmar,Namibia,Nauru,Nepal,Netherlands,New Zealand,Nicaragua,Niger,Nigeria,Niue,North America,North Macedonia,Northern Africa,Northern Africa and Western Asia,Norway,Oceania,Oceania excluding Australia and New Zealand,Oman,Pakistan,Palau,Panama,Papua New Guinea,Paraguay,Peru,Philippines,Poland,Portugal,Qatar,Republic of Korea,Republic of Moldova,Romania,Russian Federation,Rwanda,Saint Kitts and Nevis,Saint Lucia,Saint Vincent and the Grenadines,Samoa,San Marino,Sao Tome and Principe,Saudi Arabia,Senegal,Serbia,Seychelles,Sierra Leone,Singapore,Slovakia,Slovenia,Small Island Developing States (SIDS),Solomon Islands,Somalia,South Africa,South Asia,South Sudan,South-Eastern Asia,Southern Asia,Spain,Sri Lanka,State of Palestine,sub-Saharan Africa,Sudan,Suriname,Sweden,Switzerland,Syrian Arab Republic,Tajikistan,Thailand,Timor-Leste,Togo,Tonga,Trinidad and Tobago,Tunisia,Turkey,Turkmenistan,Tuvalu,Uganda,Ukraine,United Arab Emirates,United Kingdom,United Republic of Tanzania,United States,Uruguay,Uzbekistan,Vanuatu,Venezuela (Bolivarian Republic of),Viet Nam,West and Central Africa,Western Asia,Western Europe,World,World Bank (high income),World Bank (low income),World Bank (lower middle income),World Bank (upper middle income),Yemen,Zambia,Zimbabwe
2000,42.35573843,3.182655748,5.952411219,1.085963246,94.07240577,2.446945805,2.132161691,3.753685275,1.078774616,1.121106803,0.9202735629,14.42345746,2.391911036,1.761234962,24.68192329,1.416224076,2.841643848,1.037383913,3.65258139,57.63772131,20.90105356,20.90007771,1.211125603,38.49931069,4.45985447,2.132728326,3.18716113,97.01496906,66.4740221,7.276923392,29.4187712,61.28912749,0.959244129,66.71713901,25.41837852,10.72736331,94.35641481,1.660007935,6.88826811,3.931924781,30.36236424,44.89300683,2.594912402,2.09874112,1.149325311,1.897886822,0.9246677856,0.9687112154,51.96659171,16.29696034,59.17134554,0.9675590608,22.97944783,2.906686406,8.032418399,8.357246327,8.373667397,56.07085313,6.585583137,6.132369899,4.850230616,9.864402458,5.807215253,54.76885119,30.88793865,2.303969156,45.5973424,58.46154707,1.617530291,3.650590845,1.504614034,3.458121562,0.7660734982,0.9517333246,31.81819264,54.58719788,4.833103402,0.9787421204,37.63696612,0.7947927854,2.58822004,11.56312662,71.48776484,76.44661565,9.764715061,31.7394748,6.965304731,1.474401482,0.8337346059,26.82395485,11.66103571,6.205224679,9.030084689,1.166563603,1.320756371,0.8466802449,3.323223071,1.227310105,4.377084118,5.952033628,41.23882301,18.45523201,1.741995212,7.613508159,57.86566348,32.85525029,5.788794772,5.788794772,2.743779491,54.76122114,2.913659942,34.01222565,70.00069552,4.058255484,2.174491615,0.8158709792,41.16503252,80.87255829,1.462253094,7.49241313,95.4278939,0.929433207,8.10536866,46.77548897,2.246359042,4.690440482,11.80160902,8.64062887,0.9581484482,16.33179867,1.579807334,8.031115477,65.02447506,25.68360875,31.9123063,8.277339454,22.47805228,1.067055457,1.308675936,7.376516237,141.5817628,82.20954461,3.671425295,2.62284602,1.713423448,15.81229353,12.3016729,0.9268256323,7.434463108,15.27414569,2.335288294,25.25084447,3.502007915,4.158178408,18.3203362,6.044053387,9.252995085,9.250705794,1.242209284,1.672777434,1.759025425,1.095976498,5.463285704,3.486023028,2.825767693,81.19481289,4.018303955,2.894773876,3.080049917,3.086939179,0.6756742652,30.2396608,3.313643401,66.07109439,1.720581425,1.937195902,102.5220236,0.8385113295,1.580494691,0.9355138453,16.60379106,5.219453607,75.37752921,26.03190209,26.50081842,81.08591305,11.52403789,25.87752807,1.067489315,2.351986134,5.112729916,131.9342273,39.67082363,3.842455057,0.7045241667,0.9563016914,3.539058425,17.16885811,3.316143407,25.47261249,46.83153836,2.603339494,3.336576766,5.081503302,7.422916966,13.01483501,8.144959214,64.56059157,2.657735076,1.591876257,0.9837123409,54.43836296,1.341557321,2.200524234,10.78206382,4.714417874,3.246560808,6.462852423,75.18861897,9.158838658,1.032750555,24.23392767,1.341966331,60.35317058,31.49431718,7.215728831,28.07661857,68.60079296,43.44697039
2001,40.57727732,2.959084011,5.803212869,0.9598952415,90.58065844,2.347602681,2.056556013,3.507568206,1.052653654,1.093202561,0.9113851338,12.92749374,2.400905212,1.692579177,22.71566457,1.4132239,2.650414009,1.006047749,3.489100732,55.87542226,19.19813487,19.22341255,1.178287775,37.54676347,4.063296801,2.049983059,2.996776403,94.15821263,63.4412461,6.249274438,25.03820455,59.95610227,0.9370743951,65.83893251,24.02645044,9.813931429,92.0827648,1.55833956,6.166052402,3.770526592,30.15321538,43.31983775,2.444560515,2.097518781,1.112014268,1.845584405,0.8898264862,0.9304141254,50.47181606,13.45326827,56.59713559,0.9464919274,22.18909377,2.907672883,7.70049463,7.704071091,7.711469112,53.32302187,5.884329119,5.57719372,4.479211578,9.018301069,5.353253487,52.80188991,28.89633576,2.120051189,47.80176248,55.25411936,1.535187429,3.343721457,1.442779113,3.409787183,0.7475803292,0.9248468989,31.15168391,51.38960407,4.370157285,0.9471704391,35.6908897,0.7387212377,2.496499042,10.89196053,67.74725731,73.31646189,9.407567734,30.34296963,6.47969102,1.403506248,0.7923449323,25.34680087,10.88985957,5.72037973,8.754860325,1.117062236,1.282124773,0.8071814522,3.215277826,1.165233715,4.203629535,5.425074357,38.83265016,17.70678769,1.708932715,7.084067095,55.20084756,31.17139366,5.415881582,5.415881582,2.523592411,52.08410634,2.707355242,35.65124797,63.83126205,3.941313122,2.078594863,0.77782646,38.75321748,73.38453088,1.363954819,6.255562246,91.16028679,0.9033501082,8.096684349,46.54919148,2.213213694,4.398622361,11.41466652,8.085063645,0.927909741,14.58180429,1.529708983,7.537248538,61.11548887,24.7286786,32.15299406,7.960313448,20.64837411,1.03554069,1.272680957,6.796874174,134.0102949,79.12672552,3.97595022,2.571841171,1.640112172,15.08934132,11.61706283,0.8992498952,7.293368047,14.88877419,2.181024093,24.24688453,3.360535956,4.033196728,17.81412054,5.849001978,8.416536129,8.969419984,1.181288311,1.527400187,1.695321097,1.041192584,4.724410408,3.267510139,2.654124048,74.22212674,3.827832377,2.823707891,2.981510594,2.965435225,0.6228142971,28.00146105,3.081916046,61.49814515,1.64883924,1.934453512,98.83391275,0.7843162176,1.539857398,0.8936308376,16.06434166,5.115501407,75.37752921,27.69680227,25.0484916,75.78170791,10.87801518,24.46255404,1.031913978,2.269730997,4.906982745,126.2526323,38.04764293,3.647369181,0.7017107134,0.924777918,3.356102648,15.20705813,3.119774307,23.47403054,45.13456125,2.550814966,3.31758058,4.60441694,6.636237222,11.91349635,7.78718549,60.81281756,2.511705679,1.553189914,0.9665334616,50.58447925,1.315224192,2.153945111,10.002997,4.695485704,3.121498009,6.074176883,72.26089666,8.515539268,0.9948013556,23.22064748,1.292622122,57.4276888,30.09483659,6.724001134,26.11369069,64.06965355,42.58090655
2002,38.7930394,2.763482865,5.609449108,0.8592753958,86.63945775,2.239738216,1.982878855,3.278753481,1.029850704,1.068611356,0.899929553,11.500793,2.421111982,1.642691295,20.86073871,1.40966345,2.464526514,0.9771639652,3.359324948,54.12066843,17.58426178,17.64300123,1.158529172,35.11695676,3.686407661,1.982938165,2.830093637,91.01646516,60.32013531,5.546843788,20.79036049,58.34737939,0.9182192781,64.95584204,22.68450138,8.912923595,89.80874005,1.484897628,5.486057039,3.61615471,30.0319959,40.92255357,2.321354141,1.958002144,1.073324017,1.795485628,0.8584073289,0.9011132515,48.87359529,10.83897986,53.89888368,0.9214905436,21.34453447,2.915249179,7.435385127,7.088816918,7.087950616,50.46103923,5.221500164,5.05292251,4.158966061,8.290974152,4.940623888,50.7537199,27.07907721,1.947817409,49.11663515,52.02266328,1.454925728,3.056857088,1.383353655,3.3893884,0.7309689675,0.8928444788,30.3776095,48.27675548,3.902182105,0.9175604709,33.8629792,0.6870179825,2.412309321,10.26259715,64.27871386,70.13042579,9.077910004,29.06387074,6.037073941,1.330613182,0.7551607401,23.92205946,10.17637589,5.265199694,8.4965666,1.048382821,1.241857292,0.7715425717,3.120903612,1.110933368,4.045663865,4.971476763,36.51659928,17.1119744,1.683649208,6.584825133,52.32589202,29.49574269,5.072540522,5.072540522,2.347311227,49.34375878,2.50604869,36.88924605,57.62838031,3.822915312,1.982397342,0.7412478853,36.4633277,65.54724501,1.286392684,5.241810511,86.88623035,0.88306063,8.049245071,46.24526707,2.210153258,4.128560518,11.0638301,7.566883526,0.9012015037,12.97158883,1.466649708,7.077351114,57.69514975,23.77918405,32.11136025,7.708057716,18.93772734,1.000206082,1.240065521,6.268560678,125.7861874,75.86720039,4.313792129,2.525022513,1.600109211,14.36473747,10.96139281,0.8684593961,7.136277957,14.52874307,2.053764412,23.34954341,3.257436292,3.896317371,17.34160976,5.661243172,7.707214584,8.719648989,1.134955139,1.379618141,1.638424945,0.9865007147,4.060894585,3.144877245,2.458499036,66.4265702,3.64282139,2.761113679,2.884838859,2.865170388,0.5741284016,25.78431518,2.865491596,56.26290112,1.542126048,1.931220728,94.98768368,0.7335733859,1.501248592,0.8547359237,15.56940301,5.035353393,75.37752921,29.01901135,23.66012926,70.70113504,10.2703121,23.10429037,0.998468182,2.198773464,4.713403006,120.2827777,36.39711734,3.481502938,0.6948603287,0.8900900776,3.21356683,13.39733884,2.938095219,21.54671193,43.50366142,2.500367083,3.27090193,4.193105004,5.93783219,10.83152741,7.496121549,56.72780295,2.374831734,1.515565422,0.9493526237,46.70101951,1.291071508,2.115530166,9.195061337,4.693193384,3.017943399,5.788319269,69.16647338,7.922113962,0.958264329,22.17620028,1.24842329,54.43377947,28.68928073,6.260740856,24.20912491,58.94195653,42.0993869
2003,37.01926753,2.566697524,5.384648499,0.7672310217,82.26498488,2.128180332,1.909489551,3.059332814,1.010615884,1.047263753,0.8833722986,10.22649302,2.441774167,1.600552747,19.12887267,1.400655984,2.29839348,0.9508408396,3.266237554,52.42644137,16.09047885,16.19388123,1.146619382,32.80177338,3.359756491,1.926125997,2.651433399,87.41240527,57.15538237,5.073325143,17.28540135,56.62812762,0.900278171,64.04026412,21.38967667,8.065702689,87.58550002,1.43596857,4.836893594,3.470093748,29.8088027,37.90492832,2.20034502,1.780869999,1.033355359,1.747504791,0.8276220004,0.8741181184,47.20739572,8.783057458,51.1140269,0.8896674062,20.46882254,2.934578805,7.201133898,6.506138423,6.497911509,47.62479299,4.597467643,4.577775893,3.901736213,7.64939104,4.570598021,48.78164248,25.41977651,1.788724783,50.2223639,48.73944813,1.380713833,2.797906383,1.328562359,3.399763415,0.7148007315,0.8572208748,29.50823439,45.29496387,3.441964902,0.8890860727,32.27158391,0.6400949403,2.335341374,9.671154974,61.05706043,66.85593607,8.768005774,27.88749412,5.641305201,1.261722713,0.7210331161,22.53206419,9.50578542,4.860612157,8.238020101,0.9703203612,1.197013985,0.7382784664,3.043340829,1.064871457,3.892372187,4.551922145,34.21492819,16.70214246,1.66190529,6.145592703,49.35872499,27.81015005,4.768810898,4.768810898,2.188019784,46.62430524,2.317716446,37.96967474,51.87132275,3.690402505,1.908110351,0.7071600724,34.32237208,58.35976495,1.237927969,4.400030365,82.6355945,0.8683690118,7.979436423,45.88796856,2.225236073,3.89573303,10.64433028,7.080447122,0.8769234503,11.52030211,1.393055553,6.655982673,54.59724762,22.79230618,32.0054329,7.554482735,17.37054098,0.9617925821,1.209452368,5.837341781,117.0247916,72.6616204,4.652124182,2.481388558,1.580419547,13.6569861,10.3384126,0.8365490604,6.950344914,14.16017273,1.951239933,22.57922996,3.147320357,3.761215219,16.85777445,5.470393649,7.086988681,8.47061347,1.095974151,1.23993981,1.585650113,0.9302671708,3.52602936,3.036819049,2.277508363,58.64462132,3.476497014,2.707715687,2.789794526,2.791689346,0.529177015,23.6322468,2.670498126,50.8197361,1.4159828,1.931159835,91.02134853,0.6918338306,1.465236477,0.8186910017,15.09396807,4.965862288,75.37752921,30.22935472,22.32818363,66.06591829,9.692977203,21.7979571,0.9657823781,2.133938851,4.5381447,114.2933312,34.81812672,3.333192976,0.6822636042,0.8534633862,3.097084056,11.72694221,2.767983542,19.73979104,41.91534065,2.461417039,3.204892935,3.85597895,5.321073092,9.829267233,7.229744783,52.55916709,2.25397418,1.478488719,0.9323123884,43.08477863,1.268767057,2.066016732,8.436035055,4.698828282,2.912747999,5.542606793,66.03316873,7.369973789,0.9226841697,21.12744483,1.207667731,51.44601655,27.31024674,5.829985135,22.36165891,53.89932629,41.80847698
2004,35.24082052,2.369494324,5.133516153,0.6879874445,77.3571641,2.013001247,1.841856384,2.868391197,0.9905088058,1.02556469,0.8615632865,9.143909154,2.4526062,1.560217989,17.51897908,1.382177747,2.141745352,0.927723675,3.188340346,50.83072984,14.70584685,14.85862832,1.136871626,29.74096642,3.059511437,1.880957692,2.453093271,83.38160866,53.78474528,4.803947818,14.61713332,54.8850187,0.8816671083,63.13602567,20.24435929,7.290728167,85.25514222,1.399162633,4.242955235,3.340164554,29.38956533,34.51882734,2.083105415,1.626741611,0.993504742,1.70439741,0.7970728967,0.844738497,45.53273823,7.411931296,48.26362623,0.8528651453,19.63861582,2.964815121,6.993365113,6.737508359,6.737412328,44.88043561,4.037558744,4.150650941,3.680498214,7.106358059,4.223767818,46.76660121,23.91203793,1.640156524,51.44145086,45.46994851,1.309150344,2.565589099,1.275747577,3.44829805,0.6980005408,0.8224287819,28.52294821,42.42817853,3.014068497,0.8611965725,30.90670048,0.597583673,2.267125163,9.116987966,58.18889786,63.46516935,8.481306873,26.83064246,5.264895334,1.202151262,0.6892325857,21.17318659,13.88970471,4.487385006,7.983705238,0.8926394259,1.147501528,0.7092965296,2.978680059,1.025828761,3.743889134,4.178509911,32.00103152,16.51260781,1.639186074,5.726824183,46.39169768,26.15086854,4.491615068,4.491615068,2.027204379,43.98147558,2.148204551,38.85312829,46.84758586,3.531946679,1.854942542,0.6744862991,32.33030078,52.34165666,1.209423523,6.159650684,78.59467727,0.8591038996,7.897287798,45.21087583,2.249958589,3.67848318,10.17711705,6.630326808,0.8555875185,10.21178565,1.312609597,6.26568,51.7714027,21.7847119,32.29795981,7.454321103,15.95445502,0.9209133789,1.181059768,5.445295239,108.2368892,69.55446132,4.970746598,2.438780227,1.571389318,12.97726233,9.755026427,0.8032952575,6.742613245,13.79061448,1.869395725,21.88801474,3.055115448,3.629179906,16.36917817,5.289625251,6.565971165,8.230725481,1.061116298,1.116366108,1.536974445,0.8720339109,3.157214582,2.892051502,2.102240171,51.26302151,3.326505358,2.659207708,2.703451357,2.744906081,0.4887383923,21.55924755,2.487475945,45.5350471,1.293725618,1.931971099,86.9241986,0.6596009529,1.430087429,0.7831987788,14.64699626,4.898627209,75.37752921,31.32240667,21.159041,61.61307486,11.22570298,20.64770214,0.9306708987,13.90879519,4.363176576,108.4219317,33.3232348,3.188877742,0.6633546423,0.8167820698,2.996955624,10.31632411,2.607799867,18.02011809,40.37505703,2.431504997,3.123855556,3.566269235,4.777586545,8.952030941,6.997257287,48.39850148,2.143448884,1.44015454,0.9149816802,39.87976473,1.247264285,1.992730907,7.702908991,4.722207355,2.796917279,5.340604523,62.92918307,6.862800385,0.8885275584,20.30733641,1.168288419,48.52862142,26.04025864,6.027760832,20.63397373,49.41444671,41.48192985
2005,33.47970243,2.175838313,4.885717458,0.6173406239,72.20672138,1.896068244,1.784209417,2.700121181,0.965689288,1.000622288,0.8375271075,8.201716889,2.448812149,1.516827899,16.0487311,1.357400802,1.989639956,0.9086975527,3.124401064,49.33720686,13.41097611,13.61646069,1.121262551,26.04042329,2.813020597,1.844515011,2.260368461,78.90931686,50.17867635,4.665963889,12.53788314,53.23781906,0.8609330555,62.15972584,18.93059429,6.592308034,82.93672313,1.366907281,3.737129787,3.222374264,28.70088447,31.14139747,1.9713329,1.51827233,0.9543418881,1.663763451,0.7645780953,0.8123301647,43.77689995,6.724488522,45.60626981,0.8111386345,18.80128187,2.999141194,6.820226891,5.507293717,5.487975333,42.28412409,3.570408048,3.768096205,3.468986818,6.621381885,3.917852769,44.79423544,22.47987659,1.503950741,52.0597712,42.29762083,1.241664674,2.357622077,1.225109118,3.521366661,0.6781933278,0.7930816345,27.49982451,39.73953805,2.660669322,0.8326947017,29.69581451,0.5587155289,2.209278068,8.59291771,55.65224087,60.16083842,8.214066145,25.8916663,4.922892782,1.152694727,0.6605453875,19.85174989,8.3372653,4.142916451,7.714845385,0.8214852963,1.097475688,0.683966159,2.927581076,0.9916152693,3.596778198,3.815396514,29.84357567,16.46685814,1.615985592,5.348941473,43.49604674,24.56279741,4.247754744,4.247754744,1.869781051,41.46746733,1.986976827,39.46129105,42.553878,3.348133404,1.793038754,0.643676223,30.42905111,47.66389401,1.191952876,3.200796795,74.78559169,0.8536425965,7.816735052,44.31125559,2.26277551,3.481984171,9.722834638,6.207292723,0.8350979021,9.066462647,1.227167582,5.937156631,49.16159243,20.7481075,31.60261979,7.437026629,14.68621159,0.8787523671,1.15624655,5.07956536,99.64349185,66.63507477,5.188372546,2.394098628,1.555868941,12.32845186,9.203724872,0.7707675676,6.516360344,13.41726621,1.807646465,21.25918889,2.928945092,3.49856363,15.87450723,5.112555194,6.115509435,7.994294745,1.028427289,1.014521508,1.491738161,0.8123684134,2.896346191,2.70140071,1.94159071,44.34339582,3.208280898,2.617206782,2.616434696,2.71834864,0.4509832488,19.63545632,2.328142946,40.75644561,1.189877781,1.936626444,82.67715299,0.6357534948,1.396126586,0.7501945641,14.19840273,4.82113533,75.34426541,32.43543321,19.81268704,57.5111226,8.658667538,19.32483746,0.8929557651,1.99813739,4.195892346,102.8272212,31.93821671,3.061876998,0.6412622627,0.7797713843,2.916584579,9.109909375,2.458232695,16.4400072,38.8780715,2.415905775,3.032919472,3.325753818,4.285148026,8.167342254,6.771786415,44.33517602,2.048223732,1.401099353,0.8956088397,37.07586779,1.224994,1.901074088,7.033039049,4.754603085,2.682109544,5.16498373,59.95410205,6.383677305,0.8560532546,19.09846897,1.129776434,45.74682213,24.68433274,5.097089621,18.96584529,45.39782266,41.46457932
2006,31.72354814,2.005647237,4.653237544,0.5536109616,66.98671576,1.782680843,1.734847198,2.539099573,0.9348623024,0.9712807244,0.8165694561,7.42977098,2.430418977,1.466223296,14.71487886,1.328050429,1.842033601,0.8942045209,3.063156619,47.96250658,12.24628406,12.47565179,1.095612059,20.60362385,2.602010877,1.81819649,2.098510026,74.23483635,46.49094834,4.611157838,10.9767214,51.62781754,0.8392707405,60.90771524,17.7542025,5.966950004,80.48425773,1.343119505,3.304958805,3.105344414,27.84101809,27.9647601,1.862815081,1.458904525,0.9162411028,1.625639708,0.7316784885,0.7788596616,41.86107106,6.579987139,42.88694803,0.7680147318,17.9734143,3.043594374,6.662152836,5.091809953,5.068817102,39.81653338,3.176441728,3.432466785,3.288316498,6.187981291,3.640529383,42.79717124,21.11699583,1.378238102,50.9144086,39.33052816,1.179428825,2.17544399,1.176995053,3.594617919,0.6551302739,0.7695138299,26.4822131,37.22281391,2.343219337,0.8045244727,28.5533586,0.5255683741,2.159372321,8.091350689,53.43297875,56.83006142,7.954893014,25.03362465,4.611708662,1.109319855,0.634511432,18.54726361,7.810166622,3.840696782,7.456412287,0.7635999977,1.049745582,0.6631168001,2.878141667,0.9599943026,3.454028288,3.463877747,27.75628684,16.50128386,1.595509201,5.017731534,40.71832297,23.00624034,4.03152916,4.03152916,1.729366945,39.05592217,1.839378126,39.40489278,38.9722385,3.143201382,1.696346498,0.615287704,28.66543826,44.44242941,1.181550219,2.81510254,71.14149217,0.8520131129,7.731790565,43.1243884,2.259732938,3.316182642,9.270929062,5.819674691,0.8169116116,8.060954293,1.138023025,5.626478197,46.58649983,19.70448822,28.7556855,7.476888845,13.53983536,0.8368766414,1.134624038,4.756880317,91.53729236,63.9441102,5.330857764,2.345678591,1.515065008,11.69104562,8.684726833,0.7390803027,6.272440756,13.02437668,1.758999243,20.65900721,2.791669097,3.375211076,15.35782725,4.929333963,5.723118186,7.774253328,0.997959235,0.937561143,1.451036602,0.7548537058,2.728113168,2.463870254,1.799065799,38.33579689,3.111041581,2.579643087,2.527122148,2.704896524,0.4166418075,17.8591585,2.180056911,36.50457589,1.117953366,1.941706512,78.25601543,0.620063542,1.362074551,0.7174669838,13.76190293,4.726765194,75.03115661,33.58869057,18.61236767,53.71502661,8.186703861,18.14390741,0.8533931678,1.907906704,4.048698988,97.47067698,30.6101687,2.943628042,0.6192609432,0.7444307651,2.856031412,8.148576027,2.331312968,14.99794059,37.44311459,2.407084644,2.934020665,3.140148011,3.853709823,7.531610843,6.541690992,40.5797114,1.965382166,1.362071881,0.8735483158,34.39236182,1.200936972,1.79714593,6.38514555,4.802383177,2.580030765,5.027119769,57.0866836,5.94942178,0.825802221,18.13341203,1.091486989,43.10368296,23.43428039,4.799916235,17.41822947,41.07815173,41.65770275
2007,30.02276902,1.84647888,4.439618683,0.5018339755,61.91974696,1.672292992,1.692124596,2.390349116,0.9002157147,0.9392399635,0.8008635261,6.726552779,2.393650901,1.410531142,13.51049001,1.295155578,1.699974356,0.881974681,3.000950207,46.71533209,11.15131696,11.42390331,1.060669056,16.22503377,2.419509297,1.799320414,1.974787446,69.5243544,42.79894245,4.579865245,9.675896825,49.89733468,0.8171398247,59.26359437,16.62127724,5.414927628,77.94160366,1.330394887,2.970133709,2.992728279,26.8387691,25.23415394,1.764139754,1.427980987,0.8811468894,1.589448212,0.6989453131,0.7454590345,40.20973267,6.677927533,40.35765174,0.7269637264,17.1868932,3.097048256,6.519512376,4.740013962,4.71429519,37.29241574,2.87468859,3.139008654,3.122208406,5.817600211,3.382552731,40.71056006,19.86207012,1.264788432,46.61519718,36.51818983,1.123995968,2.016448036,1.132594307,3.650253912,0.6296354964,0.7516304059,25.32770389,34.85269392,2.071091898,0.7771172049,27.36877326,0.5010048382,2.120797567,7.605046477,51.48289049,53.60801087,7.705343166,24.20569863,4.320829831,1.063276747,0.611000693,17.27509428,7.335426908,3.548699502,7.184934633,0.7194845658,1.004994485,0.6455773948,2.829110577,0.9304655618,3.326719033,3.11851816,25.65257824,16.5596921,1.577879809,4.678673897,38.07887522,21.49282196,3.836119246,3.836119246,1.609902581,36.79072317,1.715949222,38.24654252,36.08954102,2.929115024,1.569100597,0.5907326585,27.01423514,42.02963916,1.177126577,2.504338004,67.63391342,0.8544087597,7.656428486,41.68649653,2.224209963,3.174419449,8.848304696,5.464279601,0.7991173573,7.183557494,1.045927537,5.347298354,44.13769347,18.64720453,24.61241776,7.566631914,12.4944314,0.7967999238,1.115924553,4.461920938,83.81459263,61.51135264,5.337816807,2.294849327,1.445943873,11.08171208,8.200491536,0.7084722635,6.039360208,12.65439658,1.722214722,20.09927649,2.715686488,3.263056108,14.87697971,4.742516479,5.370324802,7.573122269,0.9645177777,0.8789368767,1.414648212,0.7040442601,2.619777815,2.226840729,1.679471133,33.1895211,3.037769066,2.546998273,2.434593831,2.700504658,0.3851965844,16.25457818,2.044461043,32.83930102,1.07878368,1.950421043,73.76366928,0.6107570897,1.32808028,0.6865064427,13.32790825,4.609210164,73.75332196,31.77114436,17.45802713,50.24501604,7.745832083,17.00720282,0.8130703399,1.816968238,3.90693203,92.22911803,29.37398824,2.846333618,0.5999390732,0.7113467028,2.812139761,7.439428577,2.214196951,13.68059866,36.05627687,2.403366495,2.84418676,2.983708064,3.468343875,7.021910998,6.31165502,37.30121236,1.888584226,1.325986415,0.8481739661,32.13288598,1.175744154,1.691543047,5.772494821,4.859517694,2.500322019,4.910468195,54.38943777,5.548354625,0.7972119285,17.19479446,1.054547314,40.60730438,22.24728469,4.473488888,15.97245888,37.45987245,41.39184204
2008,28.32489029,1.698428843,4.259956026,0.4455543217,56.8893058,1.565813094,1.652550994,2.248356255,0.8621329004,0.9044957222,0.7880380957,6.101457958,2.345980621,1.348425334,12.41704651,1.260710346,1.564774875,0.8700415196,2.93212913,45.52688144,10.18010432,10.48295823,1.020120999,14.452695,2.259332284,1.785564689,1.89046516,65.12016282,39.41160208,4.521371683,8.554872694,48.20544083,0.7954021998,57.34883962,15.52219402,4.926207089,75.35803374,1.323449008,2.68385229,2.88035929,25.86598249,22.98867085,1.673575934,1.406317373,0.8483908022,1.555202685,0.668413869,0.713372094,38.42182625,6.773002584,37.97763909,0.6892493182,16.42365315,3.1581522,6.383362535,4.988990416,4.972576475,34.68019052,2.615927656,2.893638481,2.957709793,5.459347922,3.176318454,38.74170595,18.70590468,1.160443127,43.70485809,33.91450038,1.077593998,1.883033746,1.093168183,3.682737922,0.60257745,0.7373268938,23.91946961,32.65345944,1.854372907,0.7508955096,26.08058315,0.4856719855,2.090712904,7.153960433,49.76572804,50.46264958,7.473464729,23.42170795,4.055801239,1.015574112,0.5897025607,16.03237682,6.893504146,3.294464132,6.892245372,0.6855169978,0.9645313183,0.6303207747,2.771133859,0.9023609854,3.213179028,2.802370857,23.44877701,16.52412826,1.556773359,4.309683206,35.61027729,20.01792077,3.657273536,3.657273536,1.502792891,35.24870815,1.615896808,34.99104016,33.77218442,2.726514293,1.430075762,0.5703383302,25.51886614,39.57381914,1.177020743,2.276372612,64.29110122,0.8579953357,7.579378296,40.21348329,2.175766588,3.042420718,8.417770052,5.136886776,0.7822954581,6.406455029,0.9537619483,5.071964976,40.27594237,34.66031687,19.45565259,7.630552897,11.53789423,0.7596164976,1.098549495,4.180780334,76.81796199,59.43933282,5.298466511,2.240704436,1.353706136,10.48646381,7.749651129,0.677826464,5.806937692,12.26872187,1.694129781,19.52584063,2.601215648,3.147229153,14.38566899,4.552267142,5.051604734,7.399747866,0.9232677944,0.8321427023,1.379231776,0.6620110191,2.540079636,2.041122585,1.59225333,28.50291599,2.984103906,2.519595461,2.334492198,2.697146851,0.3561494705,14.7757012,1.914941977,29.7397401,1.055370765,1.959698765,69.07901777,0.6047053922,1.295507753,0.6567044457,12.89279416,4.474216072,71.85660526,28.61786979,16.3371237,47.08487662,8.863061945,15.90373169,0.7726264531,1.742766352,3.778321749,87.12231818,28.2250591,2.755000978,0.5836695752,0.6797199652,2.781520911,6.871751677,2.106333959,12.53492327,34.69387137,2.402735097,2.753501512,2.8552897,3.154399967,6.610855805,6.076241162,34.307498,1.813450944,1.292044281,0.8184193382,29.83770382,1.14879238,1.594689175,5.209538862,4.907319622,2.449611132,4.81098577,51.91344762,5.192156373,0.7692407114,16.41103093,1.018846836,38.17901742,21.40627179,4.140966124,14.67526188,34.97160552,40.50667849
2009,26.68019152,1.560620117,4.100285769,0.3980398313,52.30343023,1.464258372,1.610341888,2.115818849,0.8213226597,0.8672707274,0.774647721,5.508763402,2.294251928,1.28801182,11.41336219,1.227422177,1.440871986,0.8581526252,2.854803034,44.39814736,9.273503606,9.625655505,0.9782260007,12.92605834,2.124602146,1.778152398,1.837005129,61.07433848,36.27019279,4.409554759,7.635976572,46.32259282,0.7751763951,55.1000932,14.47154245,4.501733644,72.68985051,1.311786367,2.431868276,2.772599877,24.8350036,21.21646868,1.594564177,1.376852167,0.8194275064,1.523894605,0.6407774338,0.6842062646,36.12699684,6.77694769,35.67763243,0.6579044021,15.67410812,3.225668899,6.262087752,4.130043233,4.099751219,32.0043085,2.386090286,2.683651396,2.798341854,5.122779944,2.986763819,36.81879688,17.67166718,1.066842587,40.98587918,31.50712658,1.038412646,1.768341912,1.057952972,3.685417264,0.5756765042,0.7257763841,22.25289814,30.65564685,1.676398927,0.7259425392,24.69530043,0.4769974951,2.067919089,6.720893733,48.25816622,47.4226096,7.251168748,22.65778885,3.818547908,0.9751155378,0.5698693128,14.84231934,6.475144337,3.086056088,6.590247425,0.6563910428,0.9275230643,0.61462418,2.696622807,0.8764595692,3.102174206,2.511755931,20.7559588,16.31283018,1.526334026,3.925831773,33.14264329,18.60715875,3.493776671,3.493776671,1.397821225,32.49233202,1.537735022,30.51180194,31.95275707,2.554393676,1.29094788,0.5537159796,24.14541794,36.57337502,1.176532328,2.098356112,61.11739596,0.8630215297,7.525497855,38.64881879,2.118416724,2.916892933,8.035670919,4.850502744,0.7655292191,5.753777424,0.8641679567,4.826427823,37.4222707,16.54941166,14.75844414,7.624224556,10.67153712,0.7265630428,1.080624028,3.941912285,70.20707206,57.63316938,5.214678365,2.185000607,1.255806952,9.921766872,7.340604944,0.6469443213,5.622286509,11.9668916,1.672865927,18.91490704,2.47739018,3.040595494,13.89834355,4.367723094,4.769133268,7.246055059,0.8743459016,0.7921737284,1.347802728,0.6279729486,2.48029443,1.922408508,1.528462138,24.30736273,2.943732782,2.494166344,2.226641967,7.211195978,0.3291166594,13.4479064,1.795087708,27.06235278,1.03195091,1.972353877,64.41190809,0.6000353165,1.265571069,0.6280860702,12.47654262,4.317752731,69.551677,24.1955094,15.26312253,44.01610435,6.941176799,14.84723497,0.7340431302,1.688984888,3.663216124,82.08670582,27.162841,2.666165948,0.5715210767,0.6513511117,2.768406192,6.448038745,2.006946526,11.56092835,33.39625976,2.40235116,2.663345483,2.752705063,2.879797845,6.308444654,5.819958994,31.28973613,1.733345388,1.259383369,0.7861450758,27.79778303,1.120877038,1.513754002,4.696462345,4.959942179,2.430731803,4.734070238,49.56850094,4.884998678,0.7419718002,15.38175834,0.9851153973,35.87797871,20.01490914,3.794384464,13.60366392,31.5271793,38.40858333
2010,25.13176277,1.436213767,3.965095695,0.3516659637,48.0437185,1.367850662,1.559902313,2.004647437,0.7784516051,0.8281140009,0.7589745897,4.991595936,2.240695012,1.234395875,10.51513673,1.19540725,1.333959006,0.846799231,2.763100531,43.28351074,8.48180365,8.845122817,0.9395777799,10.75535299,2.024290954,1.776597236,1.783838959,57.37808888,33.38989472,4.231933251,6.828325626,44.29417521,0.7569328215,52.53667737,13.47633737,4.124003172,70.0312081,1.289201408,2.234208492,2.668083802,23.85348311,19.92296533,1.52453081,1.349053783,0.7948251956,1.495841867,0.6155398361,0.6595889395,34.31359374,6.643118871,33.56088651,0.6346132055,14.97099757,3.301525955,6.157325131,3.880512951,3.850083304,29.53511621,2.201448175,2.500997937,2.646211133,4.825753012,2.806321861,35.06089834,16.74942731,0.9844283778,33.24025445,29.26846494,1.005559754,1.668163319,1.026900954,3.668904036,0.5496544225,0.7144283013,20.86821236,28.76226473,1.530898013,0.7034341351,23.2175332,0.4729407585,2.049930813,6.292920939,46.92811192,44.42594232,7.040888835,132.9208051,3.597615636,0.9486842583,0.5509237269,13.71018291,6.095690311,2.903084128,6.284463425,0.6311885903,0.8927018187,0.5983404776,2.619636792,0.8517159306,2.998553032,2.231592041,19.20329291,15.95118226,1.486239487,3.561417498,30.8228406,17.2891787,6.217015116,6.217015116,1.291377471,31.64426163,1.469959097,26.16252946,30.53701024,2.412960464,1.165407821,0.5427912681,22.89718571,33.53543114,1.171438533,1.953980127,58.03571447,0.8692500515,7.459201105,37.17245092,2.067709003,2.799147198,7.6377384,4.619072415,0.7503028934,5.152643037,0.7788725801,4.59413512,35.02671371,15.54153337,13.84090298,7.514300238,9.864018448,0.6975965919,1.062238165,3.714653694,64.21998161,56.1545615,5.077674876,2.130244001,1.192289033,9.393034351,6.985444669,0.6178218107,5.367139282,11.4710422,1.654228164,18.27749004,2.370716233,2.935057768,13.39814798,4.173422193,4.514506405,7.11425477,0.8271764346,0.7575861431,1.317715098,0.601079892,2.434223893,1.843698831,1.483391463,20.7934229,2.924050603,2.471492569,2.110313327,2.672416738,0.3037342635,12.21636281,1.681614413,24.77318272,1.00498979,1.986308757,59.7930848,0.593616289,1.238078149,0.6012586486,37.59717975,4.149797707,66.97786973,19.25063063,14.24334003,41.19171491,6.592885561,13.84465292,0.6967895691,1.642554291,3.561036322,77.50321902,26.14217329,2.586643441,0.5626999934,0.6257032974,2.770501862,6.109742212,1.912898521,10.70630226,32.13012442,2.397924491,2.56858112,2.670684388,2.633841818,6.082262196,5.572785662,28.5262662,1.655875438,1.229149188,0.7529826899,25.83277961,1.093274658,1.448014002,4.223453761,5.016193693,2.432922423,4.677083888,47.45536775,4.649298764,0.7162069328,14.78638941,0.9532200595,35.33848013,19.01995198,3.46679777,12.94311265,28.73666387,35.75389333
2011,23.64195852,1.328161382,3.861114633,0.3083503898,44.02760921,1.276025381,1.500853679,1.899934696,0.7355718584,0.7884125117,0.7385756988,4.523450928,2.186941543,1.19207826,9.700751536,1.165513362,1.242171742,0.8353933975,2.658667601,42.17140136,7.785880051,8.149139037,0.9073712825,10.24695854,1.937908015,1.782119634,1.708329077,54.22352351,30.7107543,3.99933875,6.131500318,41.85732106,0.7405631329,50.14449461,12.53101171,3.801443337,67.42459754,1.262912925,2.059192819,2.566331201,22.69357526,19.04380995,1.463796659,1.329496653,0.7745071036,1.468743091,0.5927956836,0.6404576804,32.75192363,6.380226655,31.63126273,0.6210046921,14.28109006,3.380811355,6.054743778,3.658715477,3.627488444,27.35298868,2.042438205,2.344245812,2.503153392,4.534622984,2.643362416,33.47828807,15.82296107,0.9107646914,24.27105711,27.19528822,0.977938348,1.581903602,0.9998209811,3.652784668,0.5250300704,0.7023175586,19.7244394,27.00033206,1.41535777,0.6836354326,21.68033777,0.4746644951,2.037445346,5.934394693,45.70715242,41.70473909,6.82203961,21.1638797,3.39322694,0.9350155016,0.5344514709,12.63125639,5.757626038,2.743990794,6.01565201,0.6087066268,0.8601956969,0.5815670196,2.535907072,0.9114919248,2.897104917,1.982413422,18.16597826,15.4854402,1.439850651,3.260690292,28.7330595,16.07449128,3.195850544,3.195850544,1.179684079,28.79550816,1.411364613,26.23054401,29.39943989,3.737412264,1.061289343,0.5353772602,21.73658587,30.56958838,1.163743732,1.831192754,55.06078328,0.8758825759,7.369588893,35.49461054,2.039518063,2.686884096,7.283932222,4.472853338,0.7338946952,4.616942527,0.6981983455,4.384090901,33.90481275,14.58118299,14.02149891,7.369915502,9.110194257,0.6727825268,1.041684148,3.502178354,58.88599166,54.90890494,4.947863224,2.078972564,1.1929966,8.948742373,6.720874165,0.5917418234,5.174385494,11.09122142,1.63683542,17.61052952,2.253373912,2.825767946,12.93673319,3.999528688,4.284652537,6.98806365,0.7890080798,0.7279612265,1.286961316,0.5794134564,2.392371174,1.785314969,1.451038118,18.02357143,2.906427548,2.451273041,1.993333002,2.641092671,0.2809658936,11.1289529,1.583957139,22.77535033,0.9741122788,2.00390409,55.37162445,0.5840520939,1.212478538,0.5763796596,11.52546935,3.99161485,64.37812827,14.67322272,13.27039249,38.79548387,6.273911278,12.88905879,0.6625159026,1.58550541,3.476640907,73.40590165,25.22310258,2.505823146,0.5565207559,0.6023662578,3.024276509,5.839608075,1.825293563,9.983717898,30.89711045,2.393934414,2.472266705,2.602744432,2.416046168,5.941872485,5.327595975,26.20793912,1.58559014,1.202774821,0.7210959745,23.75453905,1.067341642,1.399227165,3.795444307,5.051305279,2.449135895,4.622990874,45.52978235,4.51461923,0.6929145985,13.8138334,0.9311682506,31.87577983,18.09585083,3.176046805,12.67883535,27.58993125,31.40011886
2012,22.20469707,1.234153632,3.784799809,0.2725807001,40.40904276,1.190993795,1.439370475,1.803381878,0.6958928806,0.7506207999,0.7146740476,4.09831152,2.132256743,1.160237099,8.966011662,1.13621512,1.163896018,0.8229604198,2.538622783,41.0574822,7.206657293,7.516640204,0.8821226129,10.5824731,1.863898791,1.790375738,1.610800504,51.31957274,28.24599084,3.72602493,5.59493784,39.66647635,0.7262530999,47.82281457,11.63483371,3.525991434,64.91764082,1.238894563,1.90118124,2.46278259,21.72294305,18.36340679,1.409348768,1.321828466,0.7590571118,1.445362398,0.5735361327,0.627520728,31.55898777,6.06609209,29.9045291,0.6134588446,13.59352825,3.476169749,5.945939524,3.450638839,3.418792447,25.31101412,1.887921123,2.209740158,2.382553941,4.260593821,2.494015835,31.9550551,14.9845991,0.8457625341,19.08366358,25.21212272,0.9521860482,1.507496301,0.9746736254,3.654096117,0.5029177415,0.6889666631,18.63656952,25.35935416,1.327381071,0.6668323016,20.1897066,0.484209107,2.029348581,5.593761215,44.56856959,39.25831141,6.594822077,20.4317108,3.234501663,0.9259360048,0.5180881582,11.60173057,5.439333451,2.605375617,5.750628469,0.5882274403,0.8298947582,0.5641532382,2.449594509,0.8058201951,2.80030926,1.763486944,16.98002373,14.9874646,1.388421799,3.004319765,26.76694836,14.95516446,3.08077868,3.08077868,1.063769507,27.14188774,1.355421435,25.27815508,28.4461961,2.188252719,0.98465217,0.5315754586,20.65367513,26.46108608,1.158075708,1.724972198,52.27110143,0.8837494988,7.240779087,33.87698054,2.014635627,2.577654954,6.961424191,4.406562006,0.7169734496,4.116316322,0.6239914442,4.190978124,31.96104426,13.70574252,14.8146503,7.149579319,8.424618547,0.6518696897,1.017620753,3.317152033,54.44776845,53.91062922,4.782544179,2.031718241,1.260878043,8.475765753,6.540841278,0.5685020835,4.987692864,10.7004841,1.619866547,16.93173229,2.173670307,2.716270943,12.46239067,3.830797931,4.079102012,6.862515181,0.758904084,0.7044596042,1.255915035,0.560388413,2.345405322,1.7296478,1.418192526,15.51586141,2.894815731,2.43440834,1.877323949,2.597776735,0.2625522026,10.19239287,1.489417385,21.05592966,0.9395157537,2.022947276,51.22940508,0.5733971599,1.190342082,0.5527766013,11.16773586,3.831338186,61.82089578,11.44825638,12.34326268,37.08156302,5.982402077,11.97946267,0.63133481,1.515806136,3.404946957,69.69993686,24.34422599,2.428454033,0.5522350121,0.582027005,4.918890273,5.610915199,1.745782467,9.348692819,29.70296933,2.39247032,2.380967321,2.550863868,2.241449964,5.859613856,5.104809426,24.00998007,1.522115402,1.181131967,0.6928126191,22.01941871,1.043328241,1.35966456,3.416342337,5.060584927,2.479906482,4.569480923,43.84660857,4.586745548,0.6723185965,13.13598001,0.8975490492,30.11591375,17.25237278,2.928368158,12.64147525,26.4967942,27.2308951
2013,20.7953264,1.156804709,3.729676397,0.2411749918,37.27711699,1.112787432,1.379811767,1.713994554,0.6612106343,0.7164978872,0.6918975968,3.700873051,2.082636922,1.136377169,8.295101929,1.107466659,1.09835652,0.8070861254,2.410592942,39.93497299,6.713721482,6.964946137,0.8636072906,9.02129764,1.802543924,1.802694467,1.508776178,48.65247474,26.01707656,3.420745866,5.172398128,37.51978644,0.7116863636,45.48826035,10.79270254,3.292008563,62.47423916,1.215512817,1.76194951,2.373874223,20.77484987,17.73452489,1.358127905,1.343707428,0.7488783255,1.423864969,0.5569048631,0.6221402535,30.09591119,5.76150139,28.25714222,0.6089492441,12.96080287,3.600443519,5.799753813,3.264711658,3.232421998,23.42944495,1.757364913,2.084100982,2.282572929,4.016423061,2.371084665,30.49101047,14.1880897,0.7882558029,16.95597538,23.38784868,0.923272458,1.437372159,0.9484248262,3.676657927,0.4840156868,0.6746303899,17.53250222,23.83614531,1.258424028,0.6524409773,18.82294039,0.5012113741,2.017557536,5.26035276,43.49093902,37.05901571,6.380679602,19.70468214,3.088460766,0.9137630729,0.5024546254,10.63662773,5.129302065,2.480771385,5.486155788,0.5689307648,0.8033094211,0.546348453,2.370886498,0.7839541711,2.709002048,1.572386518,15.91229938,14.50069785,1.337826073,2.811104726,24.86170441,13.95119185,2.964171991,2.964171991,0.9511292829,25.53664617,1.300850801,24.40040253,27.67170971,2.094914885,0.9436152588,0.5298310755,19.69989929,22.13563519,1.157372865,1.630872722,49.58090098,0.8932437154,7.053587529,32.29812162,1.954848022,2.474752947,6.653533469,4.312250591,0.6982203678,3.681394651,0.5549314602,4.002749277,29.4838399,12.8820439,14.23271363,6.896778163,7.77910088,0.6343710717,0.9911712607,3.155153153,50.64171808,53.00262813,4.615619836,1.989728408,1.386129734,8.080419692,6.34562522,0.5476509473,4.813724933,10.32287172,1.604612575,16.23165339,2.086558712,2.618400556,12.00457435,3.663908458,3.891696431,6.735050588,0.7326739685,0.6853868652,1.221547501,0.5425937336,2.301405693,1.660295202,1.365112877,13.59485877,2.881731828,2.419900614,1.764666243,2.543067402,0.246562874,9.413780181,1.400936452,19.560922,0.9025590572,2.04366677,47.40522181,0.5635548957,1.169746135,0.5305349469,10.75976647,3.675314365,59.39825953,10.24709813,11.46740001,36.19606687,5.708403586,11.121164,0.603437104,1.436437696,3.346953567,66.26623904,23.46127303,2.354179415,0.5487503024,0.5629673299,5.850060167,5.413674975,1.67140349,8.782507644,28.5401934,2.394225488,2.290354079,2.50878246,2.085430324,5.839150556,4.881120919,21.24851927,1.465510882,1.164045607,0.6695537354,20.35151337,1.022136076,1.320620968,3.077210312,5.018328249,2.529598287,4.52059645,42.26884266,4.562137854,0.654171951,12.50551127,0.8731457817,28.37684544,16.46048858,2.749594512,12.63305409,24.97473443,23.0309482
2014,19.49467925,1.100109244,3.686110544,0.2114340298,34.54573973,1.045451721,1.32053392,1.630458842,0.6324446024,0.6868399321,0.6745462373,3.360848639,2.034935467,1.118497349,7.67321992,1.077244004,1.042413875,0.7879315836,2.290525933,38.84661116,6.269061353,6.470158409,0.8515729115,8.07653015,1.747061057,1.817742565,1.411970714,46.10262408,24.06608495,3.143903224,4.840693294,35.14507919,0.6973115917,43.26673111,10.002015,3.097100925,60.10822073,1.187839407,1.63739054,2.293051815,19.78574816,17.06511653,1.309164811,1.384230024,0.7416112181,1.403355208,0.541786705,0.6237348442,28.46296579,5.474404175,26.73715414,0.6047995276,12.34643535,3.747369034,5.63402507,3.098546631,3.066121545,21.90809413,1.63859154,1.966173525,2.199250903,3.806659105,2.260613914,29.15363006,13.45293475,0.7365051687,15.58122054,21.61116784,0.8900393575,1.370897397,0.920219562,3.729748031,0.4689779947,0.6633727783,15.97842124,22.39226816,1.206827801,0.6408926465,17.60446848,0.518735591,2.005801245,4.969285563,42.98963795,35.09141472,6.140831323,18.98414384,2.954063436,0.8904675253,0.4871607312,9.727545489,4.854519959,2.373844298,5.233129174,0.5499813847,0.7803366628,0.5285545044,2.293956788,0.7625367805,2.618240338,1.415156656,15.28421551,13.94142275,1.295897946,2.642804051,23.29042771,13.00028601,2.857522365,2.857522365,0.8481186771,24.16385443,1.253959466,24.35193319,28.85825384,2.006792619,0.9324533077,0.5297731835,18.810478,19.07907639,1.161876008,1.543501098,47.01948444,0.9024781024,6.84449625,30.86778064,1.860730368,2.383210603,6.320972118,4.211244073,0.6770048299,3.300341956,0.4921656046,3.825682177,27.90368729,12.16576529,14.31580201,6.624329548,7.224126142,0.6197944718,0.9619195295,3.002211696,47.49783255,52.23912199,4.440720546,1.952469192,1.537283472,7.726218866,6.152210677,0.5295614462,4.642445662,9.942338166,1.59430064,15.52468962,1.966138082,2.514002967,11.54194904,3.51359917,3.716024481,6.609161299,0.7081339803,0.6702372185,1.18279659,0.5262437389,2.256135475,1.578114252,1.287538944,12.18249921,2.853325412,2.406637586,1.659378895,2.47551832,0.233615205,8.736204281,1.310617741,18.22836182,0.8627121731,2.066500966,47.30202913,0.5547994318,1.150377362,0.5091663337,10.36186051,3.52802886,56.86422833,9.385708714,10.63965175,36.01063817,5.46584037,10.31164674,0.5802252365,1.349450145,3.288475778,63.40053985,22.55979906,2.282485211,0.5452609309,0.5444849474,6.321914066,5.233737267,1.604500742,8.303151908,27.42528132,2.395548671,2.217704618,2.476921818,1.947896522,5.852308488,4.693580683,19.32267788,1.4155501,1.150415274,0.6513610315,18.68749677,1.003434372,1.276624512,2.792895967,4.928297176,2.596821745,4.472039328,40.88957072,4.509494186,0.6388536898,11.95958695,0.8505967424,26.92327689,15.74481675,2.595411179,12.74302536,23.40025952,21.09178827
2015,18.24508262,1.064852364,3.64318701,0.1879429306,32.24939024,0.9895025915,1.262220063,1.553095408,0.6103628602,0.6622952005,0.6624762664,3.04156393,1.987780923,1.102403334,7.114706034,1.041783516,0.9917604791,0.7665690613,2.16749233,37.75475839,5.889012475,6.042884751,0.8441859982,9.365057729,1.694646357,1.834352392,1.328765657,43.72833969,22.31357763,2.87189571,4.573007274,33.00845281,0.681160131,40.62563375,9.276020185,2.930203439,57.7417153,1.154770167,1.527911007,2.212414661,18.81480772,16.26394265,1.264453801,1.402563891,0.737586395,1.383863745,0.5268675728,0.6301480534,26.9897016,5.20917609,25.2887255,0.5979864666,11.70130726,3.988052037,5.435498484,2.948520296,2.916006583,20.62042578,1.533815652,1.85418128,2.13307197,3.610891544,2.16367305,27.7376527,12.76007293,0.6882414941,14.02221497,19.94731904,0.8544535625,1.30699218,0.8912177343,3.806070726,0.4572344559,0.658382401,14.57342234,21.0774734,1.166076495,0.6308928361,16.44155477,0.5282052914,1.991429855,4.70513935,42.01639331,33.43609645,5.894712526,18.2722693,2.823660605,0.8503150653,0.4725808719,8.889858973,4.586643325,2.280007782,4.99842387,0.5307118,0.7612547783,0.511583953,2.211905086,0.7423000517,2.52985692,1.296778029,14.78451756,13.41808493,1.261472593,2.487663762,21.92336593,12.13561262,2.760336696,2.760336696,0.7580099434,22.94235968,1.201650479,23.90148032,26.59187415,1.931985555,0.9213367201,0.5299842809,17.94146489,17.09249433,1.17062957,1.456292088,44.62356028,0.9134776459,6.584539498,29.29087177,1.770199866,2.301039244,6.037199839,4.182640466,0.6557752767,2.998315821,0.4349433027,3.655728296,25.45601708,11.51770104,14.99652647,6.35232371,6.737063348,0.6082764325,0.9292915296,2.852592584,44.44959274,51.40438303,4.263348724,1.919155565,1.609369765,7.410684154,6.033525654,0.5132766064,4.482173988,9.579623631,1.59248607,14.85390361,1.894155154,2.412202942,11.09961097,3.361702167,3.549099372,6.497286709,0.6862900482,0.6593288137,1.138765834,0.5112938214,2.210270175,1.502514578,1.195618624,10.9430467,2.812867255,2.394903543,1.559449243,2.402635138,0.2223856298,8.153421355,1.223459769,16.99495798,0.8228299203,2.08358595,48.76694941,0.5466113094,1.132750143,0.4895072116,9.981818105,3.378215309,54.4536501,8.816005812,9.874976012,35.95644772,5.239918403,9.565446103,0.5606165678,1.26594152,3.218896683,60.76746477,21.68347023,2.209354649,0.5400775678,0.5254345172,5.518965197,5.056025737,1.540142648,7.853970679,26.33645422,2.396179453,2.141294011,2.452907591,1.824108392,5.895346719,4.463199898,17.57561062,1.368388039,1.139912393,0.6379427297,17.66849881,0.9869815033,1.22691098,2.545773638,4.806707755,2.729184156,4.419661686,39.51454743,4.579220519,0.6261022461,11.46746233,0.8303422475,25.53969751,15.10676894,2.464167967,14.37475214,22.79488026,20.01203251
2016,17.13226218,1.04918273,3.588057562,0.1691719573,30.33515591,0.9343151355,1.205547057,1.480291084,0.5929870899,0.6417106041,0.654582478,2.789673345,1.934776878,1.081551175,6.583486938,1.011656323,0.9449059475,0.7434220432,2.049550231,36.69001959,5.564168753,5.674765216,0.8370909032,10.95391753,1.768738031,1.849316941,1.261155767,41.42609036,20.81176226,2.617514083,4.34316507,30.80648095,0.6640956385,37.45637295,8.59798643,2.782748246,55.34688574,1.11795652,1.425882445,2.139101957,17.86933349,15.54077962,1.220201641,1.356095622,0.7357574343,1.366241957,0.5116467119,0.6376012313,25.74017744,4.965592155,23.86047011,0.5860452628,11.11689985,4.267378261,5.23260465,2.807158962,2.774795142,19.35138236,1.437652927,1.750111928,2.083253414,3.431937782,2.080766807,26.42341745,12.12286683,0.6437324134,15.57886662,18.4116741,0.8184064844,1.246495964,0.8623002441,3.899881558,0.449085048,0.6601616318,13.11895786,19.81565176,1.135522488,0.6216737324,15.39147958,0.5248862704,1.975600565,4.458907701,40.52515,31.7946445,5.65616519,17.47903085,2.707606455,0.7970951567,0.4588559047,8.108925313,4.339403846,2.191914634,4.772043062,0.5103653546,0.745616876,0.4956983477,2.145777094,0.7219950931,2.437924534,1.213465712,13.80145749,12.85745063,1.231795379,2.340545766,20.63050227,11.36122539,2.719932563,2.719932563,0.679879003,21.6311672,1.158572423,19.71030583,25.80138548,1.859104779,0.8788262767,0.529315459,17.08187755,15.30958688,1.184094222,1.367385236,42.32607446,0.9217639397,6.315286481,27.95936591,1.723061106,2.220105686,5.743089496,4.042769893,0.6359064033,2.738070721,0.386133332,3.496790686,23.37473839,10.91017265,14.20662237,6.092357926,6.28039989,0.599892769,0.8957906211,2.716669784,41.86424096,50.4820916,4.091331132,1.887478747,1.49762597,7.125436895,5.825899839,0.4986465193,4.316238284,9.19864478,1.598209037,14.18686257,1.816623389,2.334639692,10.63013386,3.228704566,3.390439515,6.331528866,0.6674936514,0.6505052672,1.091052978,0.4978648198,2.160951934,1.448224653,1.098705713,9.960498806,2.747746113,2.386140655,1.470231622,2.334466422,0.2118734945,7.644489219,1.143659645,15.83018509,0.7850216977,2.090855562,38.0264106,0.5381487336,1.116347047,0.4705987746,9.584044127,3.255410116,52.22628036,8.160939751,9.155822957,36.05048195,5.019081268,8.865780902,0.5434812509,1.194460338,3.13235287,57.99477964,20.80751749,2.134611573,0.53168821,0.506638289,5.391348186,4.877646627,1.478560536,7.457512259,25.25691216,2.39772681,2.073652751,2.44044643,1.71309401,5.952556958,4.261202764,15.82262709,1.325823954,1.130300005,0.628214001,16.67765377,0.9714213512,1.171224106,2.324144302,4.649421366,3.221852105,4.356605091,37.99233548,4.441976984,0.6151910761,10.96729861,0.8121762931,24.04312119,14.47443701,2.350438729,14.1669712,21.71613272,18.93000005
2017,16.12954113,1.049069294,3.520441054,0.1545777824,28.61926438,0.8896553147,1.145835897,1.41238015,0.5791524981,0.6243254489,0.6479602047,2.574464782,1.875399908,1.059361224,6.103076754,0.980999913,0.8991123043,0.719321111,1.934786527,35.57603417,5.272642356,5.380816331,0.8282865292,11.62765437,1.597293392,1.864628877,1.207262188,39.43562263,19.54102334,2.398117687,4.164132023,28.98820932,0.6464682844,35.00562915,7.975606267,2.653805666,52.78446535,1.081444665,1.324936346,2.070538016,17.03929684,14.79992671,1.18049191,1.260785429,0.7349171175,1.349435154,0.4961122532,0.6450824795,24.57893283,4.738055886,22.49053517,0.5698273328,10.5758042,4.654415279,5.031293277,2.670302444,2.637904753,18.39233415,1.34068239,1.655077179,2.045488229,3.275399304,2.006725271,25.15287793,11.48340371,0.6017326629,18.3731733,17.02006474,0.783313658,1.190052615,0.8342497661,3.996423321,0.4444909879,0.6677963025,12.11900942,18.61892665,1.111760587,0.6121990378,14.41008375,0.5074582501,1.952995939,4.226446955,39.53583801,30.34049882,5.418793689,16.75425705,2.588992622,0.7399694054,0.4450158319,7.394677938,4.106000831,2.109289852,4.560504425,0.4892014125,0.7329326358,0.4820494194,2.079206004,0.7029060556,2.357886943,1.162620254,12.96732015,12.30159886,1.204693862,2.198694198,19.56014766,10.66974496,2.591343905,2.591343905,0.6141155667,20.59532098,1.1198717,18.35940211,25.24963178,1.794391409,0.8109912414,0.5229925392,16.24749115,13.81787398,1.202073999,1.277757443,40.1191514,0.9262928863,6.067377994,26.58868703,1.723059684,2.143037323,5.497330025,3.93304579,0.6128413652,2.518298235,0.3449804253,3.353299723,22.7729242,10.3321206,13.19247046,5.848722929,5.922247594,0.5938140132,0.8625045859,2.591220445,39.46150066,49.33227594,3.923990844,1.85628283,1.253092892,6.866085395,5.649389345,0.4852069098,4.160484562,8.836498153,1.607403671,13.52920826,1.719503744,2.254508825,10.18287784,3.103994189,3.246958866,6.141772432,0.652257981,0.6442343795,1.042038436,0.4858677483,2.116372473,1.404491522,1.003722827,9.298707651,2.675364325,2.376254939,1.389657801,2.263626694,0.2028996955,7.210140039,1.076357705,14.84493947,0.7510572774,2.076861261,35.32824181,0.5267392768,1.101504151,0.4525989542,9.219778867,3.130221707,50.14998198,7.617998432,8.491010875,36.00512851,4.806016057,8.221234414,0.5287982263,1.134950692,3.03930813,55.63287452,19.91780574,2.066710555,0.5204375841,0.4879729238,4.990105649,4.684992232,1.419000302,7.063817546,24.23707519,2.396399843,2.011459845,2.434116584,1.615786051,6.013599197,4.069329186,14.73679025,1.28714933,1.12007473,0.6200612604,16.04828132,0.9560829828,1.112823419,2.134716769,4.47835795,3.226277346,4.285882582,36.57341289,4.347298715,0.6056940979,10.52936232,0.795755584,22.85295635,13.88318431,2.220493846,14.30497888,21.14655147,18.46581483
2018,15.22953892,1.060550442,3.447031123,0.14487883,27.2124279,0.8502097719,1.087444779,1.350562032,0.5672561518,0.6089478966,0.6404835644,2.391760537,1.820411242,1.034275275,5.682909607,0.9553118428,0.853180792,0.6958215081,1.830277358,34.43945419,5.013791843,5.111083096,0.8163963529,11.05277192,1.55042272,1.877708227,1.15870679,37.45667892,18.35228722,2.23467558,3.994345158,27.34749617,0.628505859,33.58342529,7.414667239,2.5508571,50.39845703,1.047145674,1.231888157,1.999600665,16.17180614,14.09303047,1.144469522,1.160981573,0.733935392,1.332885059,0.4787672283,0.6499240094,23.22344954,4.522635319,21.19198768,0.5491634719,10.03522852,5.113316972,4.838617234,2.549012354,2.516716984,17.49367361,1.254556899,1.571503693,2.010969813,3.143886912,1.933152775,23.94338578,10.89281271,0.5636258672,15.24556361,15.79549346,0.7500163022,1.139009501,0.8073127333,4.077004407,0.4414813065,0.6785920403,11.72491677,17.47538481,1.089821587,0.6016882847,13.50238791,0.4782252499,1.92157406,4.033421273,38.49144847,28.98802372,5.174895246,16.01987082,2.489675882,0.684650227,0.4312668213,6.756494376,3.903180947,2.03660904,4.348914161,0.4688542075,0.7216418853,0.4685958248,2.015513361,0.6846095598,2.281324566,1.14620951,12.19538083,11.77790598,1.177941191,2.079422789,18.57628367,10.0571757,2.500666636,2.500666636,0.5609725737,19.66282372,1.084859365,18.81669805,24.6333399,1.731425506,0.7365288661,0.5136511203,15.42800363,12.20485315,1.222983365,1.191226262,37.96438294,0.9214368525,5.824868916,25.26719649,1.735899291,2.069297666,5.239418917,3.91487828,0.594930142,2.347735108,0.3113728576,3.223792797,21.89535606,9.774596405,12.53700483,5.579276734,5.601655677,0.5895556057,0.8304787506,2.472425229,37.30081881,47.9270839,3.736750874,1.823688056,0.9943980004,6.632146439,5.556911233,0.4725053214,4.012288087,8.487833799,1.615912269,12.88862719,1.642538295,2.166421964,9.752648165,2.980054116,3.111080824,5.965364477,0.6401917163,0.6378100279,0.9939110729,0.4752883028,2.070863339,1.354493331,0.9165709838,8.762661271,2.593934253,2.365981036,1.320086609,2.191152648,0.1950910065,6.840383861,1.018099211,13.90535145,0.7196639046,2.048909841,32.9380284,0.5112859484,1.087221378,0.4351872472,8.862503989,3.006471941,48.07362333,7.392901923,7.887513683,36.04200434,4.61199108,7.638306549,0.514781671,1.08184179,2.946435928,53.27941161,19.04000002,2.007349875,0.5067858616,0.4701413147,4.188038508,4.492479718,1.359399897,6.690443527,23.21374065,2.389743723,1.95249628,2.423061845,1.526852887,6.009762221,3.895026544,13.84569443,1.251376149,1.107409117,0.6119149846,15.40074169,0.9399283508,1.054035833,1.996343019,4.322250347,3.225902561,4.203974487,35.11114579,4.403596256,0.5965574449,10.12003201,0.7797325975,21.76895253,13.30115192,2.118335522,15.5355357,20.83295937,17.26097952
2019,14.42764448,1.07740873,3.36851991,0.1357060944,25.80126701,0.8208581385,1.032328444,1.293673043,0.5544951477,0.5933616963,0.6295628526,2.237792999,1.764053596,1.006434312,5.299819999,0.9254782434,0.8103296173,0.6719577572,1.734899826,33.24675654,4.75628407,4.884471959,0.7995941407,9.652560831,1.50632967,1.887441411,1.109184408,35.52109319,17.30165745,2.098592599,3.844567827,25.92789169,0.6104462974,31.61131332,6.909579565,2.46168402,48.01184614,1.013730157,1.149272122,1.937388743,15.3537915,13.42220469,1.108704507,1.083826367,0.7300330582,1.314553181,0.4628077616,0.6513696794,21.97161085,4.31981463,20.01556417,0.5267265319,9.536775255,5.721739059,4.635449201,2.434513045,2.402821506,16.65360242,1.17393112,1.496525051,1.971229659,3.007345608,1.870490059,22.8122764,10.33571622,0.5287025506,11.23271787,14.72488,0.7189844222,1.091783533,0.7811634915,4.1052504,0.4389430383,0.6881617836,11.67801194,16.42130755,1.066957138,0.5901964681,12.69534997,0.4464974738,1.881182825,3.85203159,37.36799688,27.59394783,4.934849541,15.3202684,2.3946827,0.6353545535,0.416644414,6.192980324,3.714502485,1.963694859,4.146542791,0.45027361,0.708209958,0.4555291801,1.952263884,0.6662289049,2.207327147,1.158933707,11.66196076,11.22201419,1.150617238,1.982211674,17.66469542,9.504726603,2.416056349,2.416056349,0.5199357979,18.73530379,1.050919758,19.66528384,23.92773366,1.673416427,0.6664659535,0.5038378129,14.66580292,11.06475632,1.239809215,1.108991921,35.99299631,0.9100163202,5.567225938,23.95315555,1.764645573,1.998036941,4.966409664,3.800812748,0.5771667786,2.214113585,0.2861781498,3.101275555,20.60344327,9.236350251,11.99953206,5.338237125,5.30951722,0.5858506701,0.8008330537,2.369721594,35.29364224,46.48943251,3.564449499,1.786183685,0.7831021922,6.407126277,5.383995101,0.4605714627,3.847896839,8.100206724,1.61805533,12.26055628,1.573450555,2.096970929,9.27696819,2.854585055,2.990441503,5.769999064,0.6305635408,0.6309578097,0.9495347484,0.4651928293,2.024687818,1.291396655,0.8408423534,8.25296785,2.521253082,2.361417396,1.255588122,2.12039156,0.1876176258,6.497784602,0.9696072873,13.03957702,0.6902013308,2.009115287,30.80855151,0.4914013554,1.073955399,0.4187058624,8.500305805,2.89527038,46.37304855,7.137693938,7.34151333,36.02316015,4.424275021,7.112398102,0.5003914519,1.036331994,2.85518942,51.02706444,18.1915034,1.946117138,0.4918306259,0.4527809786,3.668373344,4.307762879,1.303900612,6.390111321,22.15749886,2.365629498,1.891871689,2.400702742,1.443496154,5.923879868,3.711655481,12.82975173,1.21673309,1.090660468,0.601738774,14.85321798,0.9210263453,0.9965005155,1.881481264,4.153454027,3.226883526,4.116041193,33.69513964,4.286041304,0.586914558,9.731819293,0.7629354588,20.69054601,12.76156237,2.024265656,15.46192408,20.10078309,16.83609832